No.,Title,vi
1,〇〇フラグが立ったらどうすればいいのか？【初投稿】【アニメ】【漫画】,5tPE8hZEEDM
2,【漫画】ゾンビに噛まれた時の対処法【アニメ】【漫画】,I8heFOsZJW4
3,【漫画】テロ組織を味方につけた一般乗客の大逆転劇【アニメ】【漫画動画】,pgYM_6VKA54
4,【漫画】進化直後の主人公に直面してしまったらどうなるのか【アニメ】【漫画動画】,OEN8tUGot7Q
5,【漫画】戦いで食い止める役になったらどうすればいいのか【アニメ】【漫画動画】,_76be-CI5UY
6,【漫画】天才が人造人間に感情移入…とんでもない結末に【アニメ】【漫画動画】,g67j2tzep_c
7,【漫画】コンクリ詰めで東京湾！？潜入捜査官に迫る身の危険…【アニメ】【漫画動画】【死亡フラグ】,Iqoj9YbH2nQ
8,【漫画】リア充のための犯罪？若者が犯しがちな犯罪、礼拝所不敬罪とは？【アニメ】【漫画動画】,ENbbA22GwGA
9,【漫画】メンヘラ彼女が心中を迫ってきたら…最悪が重なりに重なり大事件が起きる！【アニメ】【漫画動画】,Z-T1TGQtIq4
10,【漫画】山で遭難した迷惑ミーハー登山客、救助後、社会的に影響を受ける…【アニメ】【漫画動画】,bQhUY8B5RBw
11,【閲覧注意】恐怖の人喰いピエロに襲われるとどうなるのか…？【アニメ】【漫画動画】,UpwW9R1_MpA
12,【漫画】アルコール依存症になったサラリーマン…人生の転落劇【アニメ】【漫画動画】,F_2jI78nHdQ
13,【漫画】男女が砂漠で迷うとどうなるのか？…まさかの〇〇でピンチを切り抜ける？【アニメ】【漫画動画】,V81OmfKmOe0
14,【漫画】痴漢冤罪でリストラ！女子高生の罠に人生設計を狂わされた男の復讐劇【アニメ】【スカッと】,JbzkpIcu_6Y
15,【漫画】海外では犯罪⁉︎逮捕もあり得るNGマナーに気をつけよう【アニメ】【漫画動画】,fTiQWf3cZto
16,【漫画】糖尿病の本当の恐怖…あなたは大丈夫…？【アニメ】【漫画動画】,f0Yiyur-GfY
17,【漫画】台風直撃でも外出してしまう人の心理【アニメ】【漫画動画】,ZcVISFvFkYg
18,【漫画】閲覧注意…誰もいないはずの家に人影が…【アニメ】【漫画動画】,6u1XsTDsmtg
19,【漫画】世界一気持ちいいことは何なのか…？【アニメ】【漫画動画】,whBNy1wHuow
20,【漫画】もしも小人になったらどうなるのか？…あんなコトやこんなコトが…？？【アニメ】【漫画動画】,SNNWqS3PqzM
21,【悲劇】カジノは人を狂わせる…ギャンブルで破滅した男【アニメ】【漫画動画】,8HhAtNO6rpU
22,【漫画】お風呂で寝ると失神する！？お風呂に入るうえで注意した方が良いこと【アニメ】【漫画動画】,SiKxJBTNAMA
23,【漫画】早食いに人生をかけた男…→その男の人生は思わぬ方向に…【アニメ】【漫画動画】,O946jkHk_iM
24,【高額当選】宝くじが当たった男の一生【アニメ】【漫画動画】,-PMl-tXZVQQ
25,【漫画】モブキャラ戦闘員になったらどうなるのか【アニメ】【漫画動画】,e4gsOPh9eXk
26,【ミステリー回】犯人は誰…！？旅館で◯人事件が発生、意外なあいつが…【アニメ】【漫画動画】,2iv-QCWGU-0
27,【漫画】無人島で女の子と二人きりのサバイバル生活！....のはずが!?【アニメ】【漫画動画】,HMWJeqIVftU
28,【漫画】ミニマリストを極めすぎた男の末路【アニメ】【漫画動画】,U-aGrDGVInY
29,【漫画】事故物件を押し付けてくる不動産屋に証拠を突きつけるが…→まさかの優良物件!?【アニメ】【漫画動画】,2T95-UKE0zg
30,【漫画】登校拒否っ子が状況を打開するためにとった行動とは!?【アニメ】【漫画動画】,Q6hteKs4Q1s
31,【漫画】夜道で不審者に遭遇…→正体はまさかの⁉【アニメ】【漫画動画】,0ukcfLjmY2Y
32,【漫画】YouTuberで一攫千金⁉→調子に乗りすぎて思わぬ結果に…【アニメ】【漫画動画】,H7gDnAkDAnE
33,【漫画】刑務所からの凄まじい脱獄劇【アニメ】【漫画動画】,rtQDFBjGd8s
34,【過酷】高額報酬カニ漁の実態…そんなにうまい話じゃなかった！？【アニメ】【漫画動画】,krq41uJ3ffs
35,【漫画】ブラック企業に入社するとどうなるのか？→限界寸前で救いの手が！？【アニメ】【漫画動画】,wPUR127fsfc
36,【漫画】ストーカー被害にあった時の対処法【アニメ】【漫画動画】,NqphzmndE-k
37,【漫画】フラグが立つ→ピンチのはずが!?【アニメ】【漫画動画】,G3IyaQK4Ze8
38,【漫画】もし悪の組織のボスになったらどうなるのか…【アニメ】【漫画動画】,KacbxBoQLKs
39,【漫画】ダークウェブの世界…意外とすぐそこにある！？【アニメ】【漫画動画】,sXGp4RjlWS0
40,【漫画】麻○中毒になるとどうなるのか【アニメ】【漫画動画】,BAlQDUL9YnQ
41,【漫画】ポイ捨てを注意されて逆ギレ→相手が格闘家で…【アニメ】【漫画動画】,pLTnm0Y-AWw
42,【漫画】煽り運転に巻き込まれたらどうなるのか【アニメ】【漫画動画】,TO2YsRAW7nE
43,【アニメ】不老不死になるとどうなるのか【漫画】【漫画動画】,Nk_CZTNZhZs
44,【漫画】キャッシュレス社会の闇【アニメ】【漫画動画】,EVQDgw0V9hw
45,【アニメ】超ド級！？狂犬病の恐怖…【漫画】【漫画動画】,x7yeHQkp6lk
46,【ホラー】ニセモノ家族の実態…全部嘘だった…？【アニメ】【漫画動画】,4dijQW6tD8s
47,【アニメ】雪の女王になったらどうなるのか【漫画動画】,jmVypgI0DnY
48,【アニメ】英雄が闇落ちするとどうなるのか…その素顔が！？【漫画動画】,IuJyUPIliHo
49,【アニメ】親の七光りで生きてきた男の末路…【漫画動画】,QapEcSl28s4
50,【アニメ】ワンピースを手に入れるとどうなるのか【漫画動画】,ZFlmuLPNoE0
51,【アニメ】人類未到達…火星に行くとどうなるのか【漫画動画】,LcGlFmnPxP8
52,【アニメ】整形中毒になるとどうなるのか…生まれ変われるってホント！？【漫画動画】,epHRKXy0kAs
53,【アニメ】バレンタインでどうしてもチョコが欲しい男…まさかの展開！？【漫画動画】,HE1PZFQbrbA
54,【アニメ】次世代通信システム５Gになるとどうなるのか【漫画動画】,N3MXHo1HbtU
55,【アニメ】インフルエンザの実態…どうすれば治るの！？【漫画動画】,fpuuysi0auA
56,【不良】イキリヤンキーになるとどうなるのか【漫画動画】,hBlhZtqzMzA
57,【アニメ】とにかく映え！自撮りにハマりすぎるとどうなるのか【漫画動画】,9_4mQqomYfE
58,【新キャラ】ガンになるとどうなるのか…最強のフラグが！？【漫画動画】,gA27AM_osM0
59,【アニメ】美意識が究極に達した男の末路…【漫画動画】,PjXULfbj77Q
60,【ストーリー編】第1話「修行のはじまり」【アニメ】【漫画動画】,blnM5yFOIK4
61,【アニメ】フォロワーをお金で買うとどうなるのか,4VbAh1l8c_8
62,【アニメ】会話をしない男！誰とも喋らなかったらどうなるのか【漫画動画】,6yZkR_Kg8U8
63,【アニメ】浮気をされて豹変した男の様々な復讐劇！意外な結末とは…【漫画動画】,-BwrL8qx17Q
64,【アニメ】冗談で告白した相手から恐怖の手紙が…→意外な真実が【漫画動画】,v3ENdzW9r8g
65,【アニメ】人格破綻者続出…！！！狂気の実験「スタンフォード実験」【漫画動画】,cd-8yMc0FjI
66,【アニメ】人の本音が聞ける！？　心の声が聞こえるようになったらどうなるのか？【漫画動画】,TO9SAlvLgjU
67,【都市伝説】「整形させて頂きます」ドッペルゲンガーと出会った人の神対応……？【漫画動画】【アニメ】,S7725r4aX-I
68,【アニメ】ミュージシャンに憧れ上京してきた男の伝説への軌跡…「俺、デンセツになった！！！」【漫画動画】,fUpo9U8KEg0
69,【アニメ】火葬場の裏側→焼却炉から鳴り響く正体は……【漫画動画】,cYG7fxWLbUQ
70,【芸能界】子役になったらどうなるのか？【アニメ】【漫画動画】,jOBLiwt6tvk
71,【真実はいつも１つ】絶対に関わってはいけない取引に遭遇した男→史上最恐の取引【アニメ】【漫画動画】,SI087ziJFUU
72,【決戦】モテたい男が最狂のモンスターを倒した結果【アニメ】【漫画動画】,zz7FAjIv4YQ
73,【一夫多妻制】美人ハーレムを築くとどうなるのか？【アニメ】【漫画動画】,bU8BbqGLo_c
74,【中華統一】美人武将の最大の悩みとは……三国志物語【アニメ】【漫画動画】,ZuVFWjkEZ4U
75,【死刑執行】無実の罪で死刑囚になった男の末路…【アニメ】【漫画動画】,4iosFLMublU
76,【ストーリー編】第２話「芽生えた気持ち」【アニメ】【漫画動画】,nVZaefnPG4w
77,【孤独死】寂しすぎて死んでしまおうとした人の末路…【アニメ】【漫画動画】,-LF7JROdkeo
78,【時間停止】停止能力を手に入れた人の最初に取った意外な行動とは…【アニメ】【漫画動画】,q2fj4SiZoNk
79,【不労所得】ベーシックインカム制度を導入したらどうなるのか？【アニメ】【漫画動画】,Ji9vrcdtmJs
80,【バタフライ効果】些細な行動が「運命」を変化させる。バタフライエフェクト【アニメ】【漫画動画】,Rsb6_Z__srk
81,【氷１万円】ぼったくり客引きに本当について行くとどうなるのか？【アニメ】【漫画動画】,NGRyKPI_ZhE
82,【アニメ】魔法美少女戦士　モブカ！モギカ！【漫画動画】,puMZ4vc9O1g
83,オンラインサロンビジネスを始めた結果…【漫画動画】【アニメ】,3I7AadeY8VQ
84,【あるある】ベタな敵キャラがやってしまいがちなこと【漫画動画】【アニメ】,j8lPd6i5YDM
85,【バトロワ】ゲーム初心者がトッププレイヤーを倒す意外な戦術とは？【アニメ】【漫画動画】,TB7tqKWT1xQ
86,【アニメ】「もしも」の世界に行ったらどうなるのか？【漫画動画】,Y3Zl-982nXw
87,【犬鳴村】日本最凶の心霊スポットがヤバすぎる・・・【漫画動画】【アニメ】,kqU-snsIRt4
88,【リア充】モテる男になる為に実践するべき事とは・・【漫画動画】【アニメ】,-DS5faaZRdU
89,【こっくりさん 】絶対聞いてはいけない質問をした結果・・・【漫画動画】【アニメ】,Xi8IEplZnk8
90,少女をトップに輝かせるために「育成」に人生を捧げた男【アニメ】【漫画動画】,CwfVW3KUF2I
91,【無痛症】痛みを感じなくなった男の末路…【アニメ】【漫画動画】,dQl7OG62n_4
92,【実在】復讐代行業者になるとどうなるのか？【アニメ】【漫画動画】,4bZBdgA5nkI
93,服が透けて見えるメガネを手にした男の夢ある行動とは…【アニメ】【漫画動画】,yIEU4cvUW4I
94,【地獄】鬼軍曹のいる軍隊に入るとどうなるのか？【アニメ】【漫画動画】,kCbpuptjJnA
95,勘違い男がジャ○ーズ面接に受かった方法とは…？【アニメ】【漫画動画】,QJiA1lx9yO8
96,【アニメ】たった１人で絶対悪に立ち向かった男…【漫画動画】,dPwJpQvpamc
97,【ストーリー編】第３話「天使の本音」【アニメ】【漫画動画】,FwF-JtqGUvY
98,【闇医者】無免許医師が子供を手術した結果…【アニメ】【漫画動画】,BCbThun5IGs
99,女性脳と男性脳の考え方の違いは…？【アニメ】【漫画動画】,T6BjYyewea8
100,イラっとする匂わせ投稿をした男の末路【アニメ】【漫画動画】,SIBCLAnHu1o
101,繰り返す日から抜け出す唯一の方法とは◯ることだった...？【アニメ】【漫画動画】,EvrNbw5JYOk
102,「お前とは妥協して付き合ってる」口が悪い男が彼女に取った行動とは…【アニメ】【漫画動画】,K4DnIeHNVP0
103,新型ウイルスに感染するとどうなるのか？【アニメ】【漫画動画】,dWKBCKzEpco
104,カルト宗教に入るとどうなるのか？【アニメ】【漫画動画】,OndNWUfjE5A
105,彼女になった瞬間豹変！彼氏を調教する彼女とは…？【アニメ】【漫画動画】,5ppZ4isPguA
106,５億年ボタンを押したらどうなるのか？【アニメ】【漫画動画】,yOiVhabTJHI
107,「パパラッチ」スクープを撮るために犯罪行為を繰り返す男の末路【アニメ】【漫画動画】,Qt4qJF4ciTE
108,「多重人格」昼と夜で二つの性格を持つとどうなるのか？【アニメ】【漫画動画】,JXTlNZ0Yep8
109,美少女ヒーローは「決・戦」から生き残るのか？【アニメ】【漫画動画】,ERp4w0F21dY
110,【新キャラ】転校してきた美少女と付き合う方法【アニメ】【漫画動画】,mcbWG8QQ2Eo
111,【閲覧注意】蜘蛛を退治してしまっただけなのに…【アニメ】,QYlqt-Xf7PY
112,【失敗率９４％】「脱サラ」して店を始めるとどうなるのか？,W0Cz2CDyzLY
113,【肉体強化】「昆虫食」の知られざる世界とは【アニメ】【漫画動画】,LJ8YH2EnYec
114,【監禁】囚われた姫を冴えない男が助け出すとどうなるのか？【漫画動画】【アニメ】,P-ifk60U5dQ
115,大ハーレム！？異世界で美少女を従わせてやりたい放題する男の末路【アニメ】【漫画動画】,i8a7E_bh77Y
116,「地下格闘技」でヒョロガリ男が優勝！？その驚きの方法とは...？【アニメ】,Nl47keV2fRY
117,【現実逃避】VRの世界から帰れなくなった男の末路...【漫画動画】【アニメ】,R71Vcjv9CDU
118,地球を掘り進めるとどうなるのか？【漫画】【アニメ】,uhmHdT6Gzi0
119,面接に受かるためなら靴をも舐める！絶対に面接官に気に入られる方法とは？【アニメ】【漫画動画】,5-VWX5KcQ3M
120,人の視線を気にしすぎる男の末路【アニメ】【漫画動画】,4_8mH_nA_DQ
121,予防接種ワクチンを１度も打たなかったらどうなるのか？【アニメ】【漫画動画】,Mweo9P7M8Vw
122,男女が密室に閉じ込められるとどうなるのか？【アニメ】【漫画動画】,EELJ5-pepAw
123,【ホラー】ひとり隠れんぼをするとどうなるのか？【アニメ】【漫画動画】,hPbFXBZAyZ0
124,もし実際にクローン人間が作られたら・・・【アニメ】【漫画動画】,nwdCAF8Tx5A
125,他人の罪をかぶるとどうなるのか？【アニメ】【漫画動画】,UCY5WMwJoA0
126,シュールストレミングが起こした事件とは…【アニメ】【漫画動画】,EThiVteRsL8
127,【ストーリー編】第４話「想定外のバグ」【アニメ】【漫画動画】,4Gy_di4C9Og
128,混浴風呂で知り合いと出会うとどうなるのか？【アニメ】【漫画動画】,SgaSJX6fc04
129,1000年間「冷凍保存」されたらどうなるのか？【アニメ】【漫画動画】,Go69TTKvKKk
130,危険過ぎる「リゾートバイト」に参加した結果…【都市伝説】【漫画動画】【怖い話】,PGOijVk7M1o
131,【恋愛フラグ】第一印象が最悪な人との付き合い方【アニメ】【漫画動画】,bKdosJRm8KA
132,「レンタル彼女」にハマり過ぎた男の末路【アニメ】【漫画動画】,64EfvUjYDME
133,村人Aが主人公を倒してしまうとどうなるのか...【アニメ】【漫画動画】,G2FepxmXRws
134,「霊感商法」にハマるとどうなるのか【アニメ】【漫画動画】,wwxeCh5kLnU
135,「雑魚は端を歩けww」会社で威張り散らしている上司の大転落！？,5fbUMZhcC7s
136,ドーピングをするとどうなるのか？【アニメ】【漫画動画】,7y5_OPa5GXc
137,糖質制限ダイエットのヤバ過ぎる実態...【アニメ】【漫画動画】,xLxrlE2FuPQ
138,寄生虫が人間の体に入るとどうなるのか【アニメ】【漫画動画】,UYc8hvVRbLI
139,トイレを我慢しすぎるとどうなるのか【アニメ】【漫画動画】,rFv6HNhuf1E
140,パパ活をするとどうなるのか【アニメ】【漫画動画】,qe73hUkz6PY
141,野菜を全く食べないとどうなるのか【アニメ】【漫画動画】,TLIkCxIUyrA
142,駆け落ちをするとどうなるのか【アニメ】【漫画動画】,Zst80gya2NA
143,究極のドMになるとどうなるのか【アニメ】【漫画動画】,raVU767aX5E
144,「ゾンビ」が大量発生したときの対処法【アニメ】【漫画動画】,tsOmxErOrTs
145,食肉工場で働くとどうなるのか【アニメ】【漫画動画】,2aU7o5K72jw
146,強豪野球部に入部した末路【アニメ】【漫画動画】,R83Kq3L1bNc
147,日光を浴びないとどうなるのか？【アニメ】【漫画動画】,zQu4HnSQGHo
148,サンタを信じた男が「政治家」になった話【アニメ】【漫画動画】,gHnuqejyTMQ
149,結婚が出来ない人間の意外な特徴【アニメ】【漫画動画】,uv_oBLBEzjY
150,ダメ人間を変えた「たった１つの方法」とは？【アニメ】【漫画動画】,vSBoQU991E0
151,【水中毒】水を大量に飲みすぎて死んだ男【アニメ】【漫画動画】,rR8J0z1PAQ4
152,蚊が絶滅したらどうなるのか？【アニメ】【漫画動画】,db5PfsW8bM8
153,誰でも出来る「カンニング」をした男の末路【アニメ】【漫画動画】,XwV5qX-CLBI
154,ブラックホールに飲み込まれるとどうなるのか？【アニメ】【漫画動画】,i_1wK2HwtDI
155,転売ヤーになったらどうなるのか？【アニメ】【漫画動画】,CWwinLhnHGg
156,「海」はどのくらい深いのか？【アニメ】【漫画動画】,NLr30xoK9B0
157,雨が降り続けたらどうなるのか？【アニメ】【漫画動画】,HzC6QmHxI5A
158,もしも「余命」が見えたらどうなるのか？【アニメ】【漫画動画】,LhGFVPXQtl8
159,サッカー未経験者が「プロ契約」をしたらどうなるのか？【アニメ】【漫画動画】,7ntsZ3V_N1Q
160,もし性別が入れ替わったらどうなるのか？【アニメ】【漫画動画】,7iBYOIfBEPc
161,生き埋めになったらどうなるか？【アニメ】【漫画動画】,hpbxFHCTDHU
162,地球最後の一人になったらどうなるのか？【アニメ】【漫画動画】,kxYAIG_iGsk
163,「北極」と「南極」の違いとは？【アニメ】【漫画動画】,NQO2XwSc_7A
164,「1秒で億稼ぐ！！！」FXでたまたま大富豪になった男の末路....【アニメ】【漫画動画】,Q8MkzVWR9Zg
165,カップルYouTuberになるとどうなるのか？【アニメ】【漫画動画】,C4eKoIap8DM
166,世界から電気が無くなったらどうなるのか？【アニメ】【漫画動画】,esNdgbxBWM0
167,日常で気づかない犯罪【アニメ】【漫画動画】,rnlfwG_XIjM
168,惚れ薬を飲むとどうなるのか【アニメ】【漫画動画】,JX4hLLGpfVI
169,首都直下地震が起きたらどうなるのか【アニメ】【漫画動画】,rm--yB87Kto
170,YouTuberの老後はどうなるのか？【アニメ】【漫画動画】,TUZOUrzT02o
171,地球から重力がなくなったらどうなるのか？【アニメ】【漫画動画】,1clPQMcjKK8
172,地球最後の日に人間は何をするのか？【アニメ】【漫画動画】,Fj04AU73aP8
173,休んだ方が良いサイン5選【アニメ】【漫画動画】,do2YgC21XE8
174,動物と話せるようになったらどうなるのか？【アニメ】【漫画動画】,b-03JfcFS8o
175,【特別編】絶海孤島の刑務所からの脱獄【Plottコラボ】【アニメ】【漫画動画】,DjLYzRlXKgE
176,太陽が無くなったらどうなるのか？【アニメ】【漫画動画】,O6sUmc5OsTQ
177,恋愛シミュレーションゲームの世界に入るとどうなるのか？【アニメ】【漫画動画】,-j5yJc-QTkQ
178,落雷が直撃するとどうなるのか？【アニメ】【漫画動画】,EoxA2-K-xs4
179,返事を全て「YES」にしたらどうなるのか？【アニメ】【漫画動画】,cLqlPRTVa-E
180,核ミサイルが日本に落ちたらどうなるのか？【アニメ】【漫画動画】,auwGz9hfn-M
181,もし人間と動物の立場が逆転したらどうなるのか？【アニメ】【漫画動画】,uf48QbgS4Mk
182,エナジードリンクを飲み続けるとどうなるのか？【アニメ】【漫画動画】,KTdPCXS4w3E
183,男女が手錠で繋がれるとどうなるのか？【アニメ】【漫画動画】,YwniENAmRO8
184,世界に男が1人になったらどうなるのか？【アニメ】【漫画動画】,KHstVqsLp_4
185,運命の相手の見つけるにはどうしたら良いのか？【アニメ】【漫画動画】,Arnx0azNRWo
186,もしも恐竜が絶滅しなかったらどうなるのか？【アニメ】【漫画動画】,zgnPy7riJPA
187,幼児化するとどうなるのか？【アニメ】【漫画動画】,DxQsZt63qP4
188,魔法のランプを拾うとどうなるのか？【アニメ】【漫画動画】,-1tdx_4vx_k
189,10日間寝ないとどうなるのか？【アニメ】【漫画動画】,Ii-AIZL59hk
190,【祝】全力回避フラグちゃん１周年記念動画【アニメ】【漫画動画】,hj-vxeoacWE
191,動物に育てられるとどうなるのか？【アニメ】【漫画動画】,ttaeZOLJmAk
192,1ヶ月お風呂に入らないとどうなるのか？【アニメ】【漫画動画】,d6fIWXNJLs8
193,歴史上最も美しい女性は誰なのか？【アニメ】【漫画動画】,yFm68hvyuMs
194,酸素が5秒間なくなったらどうなるのか？【アニメ】【漫画動画】,pGfBEVcrafA
195,パチンコ依存症になるとどうなるのか？【アニメ】【漫画動画】,aDQw9COV0tk
196,【ストーリー編】第5話「損な役回り」【アニメ】【漫画動画】,0fI_ZVBaYhQ
197,人気作家の担当編集になるとどうなるのか？【アニメ】【漫画動画】,5TFUiGEOYPc
198,10年後確実に起きること【アニメ】【漫画動画】,DTdTmQuhqS0
199,巨人になるとどうなるのか？【アニメ】【漫画動画】,qiJw5pODksY
200,完全無音の部屋「無響室」に閉じ込められるとどうなるのか？【アニメ】【漫画動画】,Fdh8aDnTGdk
201,体の一部が入れ替わるとどうなるのか？【アニメ】【漫画動画】,8ZlnZblqTpw
202,透明人間になったらどうなるのか？【アニメ】【漫画動画】,wYPSjGd51q8
203,治験バイトをするとどうなるのか？【アニメ】【漫画動画】,xJZn21pJIic
204,特殊清掃員になるとどうなるのか？【アニメ】【漫画動画】,tMh_5f_o6BI
205,感覚が100倍になるとどうなるのか？【アニメ】【漫画動画】,wNyOP8wRCcE
206,ホームレスになるとどうなるのか【アニメ】【漫画動画】,2r4YEhkyY9Y
207,1年中コンタクトを付けっぱなしにするとどうなるのか？【アニメ】【漫画動画】,ZfnSLO1NNMU
208,デスゲームに参加するとどうなるのか？【アニメ】【漫画動画】,mlFDrt5-bO8
209,好感度が数値で見えたらどうなるのか【アニメ】【漫画動画】,hjipkumuHK8
210,1ヶ月断食するとどうなるのか？【アニメ】【漫画動画】,3bCg2YRtKE0
211,どこでもドアに入るとどうなるのか？【アニメ】【漫画動画】,7v6WiX1hAys
212,男女がエレベーターに閉じ込められるとどうなるのか【アニメ】【漫画動画】,M7XSYYnjEgY
213,胸が大きくなるとどうなるのか？【アニメ】【漫画動画】,KDG_8ClK_jA
214,少年院に入るとどうなるのか？【アニメ】【漫画動画】,NPQ9W4hWEBI
215,死亡フラグの1DAYルーティン【アニメ】【漫画動画】,HbGDXA9ElGg
216,【クリスマス】サンタさんの代わりにプレゼントを配るとどうなるのか？【アニメ】【漫画動画】,OYrGXIoveYk
217,【特別編】登録者争奪バトル#03「大混戦」【Plottコラボ】【アニメ】,j_b7quWBJ70
218,恋愛リアリティ番組に出るとどうなるのか？【アニメ】【漫画動画】,R_rIao2F704
219,光の速度で移動するとどうなるのか？【アニメ】【漫画動画】,AF0yQa0eXug
220,【10分(未満)で分かる】全力回避フラグちゃん！総集編2020【アニメ】【漫画動画】,9qhm42riP9g
221,0,0
222,0,0
223,0,0
224,0,0
225,0,0
226,0,0
227,0,0
228,0,0
229,0,
